100001	Publisher #100001	USA
100002	Publisher #100002	USA
100003	Publisher #100003	USA
100006	Publisher #100006	USA
100010	Publisher #100010	USA
100011	Publisher #100011	USA
100014	Publisher #100014	USA
100016	Publisher #100016	USA
100017	Publisher #100017	USA
100018	Publisher #100018	USA
100022	Publisher #100022	USA
100028	Publisher #100028	USA
100029	Publisher #100029	USA
100030	Publisher #100030	USA
100031	Publisher #100031	USA
100032	Publisher #100032	USA
100038	Publisher #100038	USA
100039	Publisher #100039	USA
100041	Publisher #100041	USA
100045	Publisher #100045	USA
100046	Publisher #100046	USA
100049	Publisher #100049	USA
100050	Publisher #100050	USA
100051	Publisher #100051	USA
100052	Publisher #100052	USA
100053	Publisher #100053	USA
100055	Publisher #100055	USA
100056	Publisher #100056	USA
100060	Publisher #100060	USA
100062	Publisher #100062	USA
100063	Publisher #100063	USA
100066	Publisher #100066	USA
100071	Publisher #100071	USA
100074	Publisher #100074	USA
100077	Publisher #100077	USA
100080	Publisher #100080	USA
100081	Publisher #100081	USA
100082	Publisher #100082	USA
100085	Publisher #100085	USA
100087	Publisher #100087	USA
100088	Publisher #100088	USA
100089	Publisher #100089	USA
100090	Publisher #100090	USA
100095	Publisher #100095	USA
100096	Publisher #100096	USA
100098	Publisher #100098	USA
100099	Publisher #100099	USA
100100	Publisher #100100	USA
100104	Publisher #100104	USA
100108	Publisher #100108	USA
100109	Publisher #100109	USA
100112	Publisher #100112	USA
100114	Publisher #100114	USA
100116	Publisher #100116	USA
100117	Publisher #100117	USA
100121	Publisher #100121	USA
100124	Publisher #100124	USA
100126	Publisher #100126	USA
100129	Publisher #100129	USA
100131	Publisher #100131	USA
100132	Publisher #100132	USA
100133	Publisher #100133	USA
100134	Publisher #100134	USA
100135	Publisher #100135	USA
100136	Publisher #100136	USA
100137	Publisher #100137	USA
100139	Publisher #100139	USA
100140	Publisher #100140	USA
100141	Publisher #100141	USA
100142	Publisher #100142	USA
100148	Publisher #100148	USA
100150	Publisher #100150	USA
100151	Publisher #100151	USA
100152	Publisher #100152	USA
100156	Publisher #100156	USA
100157	Publisher #100157	USA
100158	Publisher #100158	USA
100159	Publisher #100159	USA
100160	Publisher #100160	USA
100161	Publisher #100161	USA
100163	Publisher #100163	USA
100164	Publisher #100164	USA
100166	Publisher #100166	USA
100168	Publisher #100168	USA
100170	Publisher #100170	USA
100172	Publisher #100172	USA
100174	Publisher #100174	USA
100175	Publisher #100175	USA
100176	Publisher #100176	USA
100177	Publisher #100177	USA
100178	Publisher #100178	USA
100179	Publisher #100179	USA
100180	Publisher #100180	USA
100181	Publisher #100181	USA
100184	Publisher #100184	USA
100187	Publisher #100187	USA
100189	Publisher #100189	USA
100195	Publisher #100195	USA
100196	Publisher #100196	USA
100197	Publisher #100197	USA
100199	Publisher #100199	USA
100200	Publisher #100200	USA
100201	Publisher #100201	USA
100205	Publisher #100205	USA
100208	Publisher #100208	USA
100209	Publisher #100209	USA
100210	Publisher #100210	USA
100212	Publisher #100212	USA
100213	Publisher #100213	USA
100214	Publisher #100214	USA
100215	Publisher #100215	USA
100218	Publisher #100218	USA
100219	Publisher #100219	USA
100223	Publisher #100223	USA
100224	Publisher #100224	USA
100225	Publisher #100225	USA
100226	Publisher #100226	USA
100228	Publisher #100228	USA
100229	Publisher #100229	USA
100234	Publisher #100234	USA
100236	Publisher #100236	USA
100239	Publisher #100239	USA
100240	Publisher #100240	USA
100241	Publisher #100241	USA
100242	Publisher #100242	USA
100245	Publisher #100245	USA
100246	Publisher #100246	USA
100247	Publisher #100247	USA
100249	Publisher #100249	USA
100250	Publisher #100250	USA
100252	Publisher #100252	USA
100253	Publisher #100253	USA
100257	Publisher #100257	USA
100263	Publisher #100263	USA
100264	Publisher #100264	USA
100266	Publisher #100266	USA
100268	Publisher #100268	USA
100269	Publisher #100269	USA
100275	Publisher #100275	USA
100276	Publisher #100276	USA
100278	Publisher #100278	USA
100279	Publisher #100279	USA
100283	Publisher #100283	USA
100285	Publisher #100285	USA
100287	Publisher #100287	USA
100289	Publisher #100289	USA
100290	Publisher #100290	USA
100291	Publisher #100291	USA
100292	Publisher #100292	USA
100293	Publisher #100293	USA
100294	Publisher #100294	USA
100296	Publisher #100296	USA
100305	Publisher #100305	USA
100308	Publisher #100308	USA
100310	Publisher #100310	USA
100311	Publisher #100311	USA
100312	Publisher #100312	USA
100313	Publisher #100313	USA
100315	Publisher #100315	USA
100319	Publisher #100319	USA
100325	Publisher #100325	USA
100326	Publisher #100326	USA
100329	Publisher #100329	USA
100330	Publisher #100330	USA
100335	Publisher #100335	USA
100339	Publisher #100339	USA
100341	Publisher #100341	USA
100345	Publisher #100345	USA
100346	Publisher #100346	USA
100347	Publisher #100347	USA
100348	Publisher #100348	USA
100350	Publisher #100350	USA
100354	Publisher #100354	USA
100355	Publisher #100355	USA
100356	Publisher #100356	USA
100357	Publisher #100357	USA
100358	Publisher #100358	USA
100359	Publisher #100359	USA
100360	Publisher #100360	USA
100363	Publisher #100363	USA
100365	Publisher #100365	USA
100366	Publisher #100366	USA
100369	Publisher #100369	USA
100372	Publisher #100372	USA
100374	Publisher #100374	USA
100376	Publisher #100376	USA
100382	Publisher #100382	USA
100383	Publisher #100383	USA
100385	Publisher #100385	USA
100386	Publisher #100386	USA
100387	Publisher #100387	USA
100390	Publisher #100390	USA
100391	Publisher #100391	USA
100395	Publisher #100395	USA
100396	Publisher #100396	USA
100397	Publisher #100397	USA
100400	Publisher #100400	USA
100401	Publisher #100401	USA
100403	Publisher #100403	USA
100404	Publisher #100404	USA
100406	Publisher #100406	USA
100407	Publisher #100407	USA
100409	Publisher #100409	USA
100414	Publisher #100414	USA
100415	Publisher #100415	USA
100416	Publisher #100416	USA
100420	Publisher #100420	USA
100421	Publisher #100421	USA
100423	Publisher #100423	USA
100424	Publisher #100424	USA
100425	Publisher #100425	USA
100428	Publisher #100428	USA
100429	Publisher #100429	USA
100430	Publisher #100430	USA
100433	Publisher #100433	USA
100434	Publisher #100434	USA
100435	Publisher #100435	USA
100437	Publisher #100437	USA
100439	Publisher #100439	USA
100440	Publisher #100440	USA
100441	Publisher #100441	USA
100444	Publisher #100444	USA
100445	Publisher #100445	USA
100446	Publisher #100446	USA
100448	Publisher #100448	USA
100449	Publisher #100449	USA
100450	Publisher #100450	USA
100451	Publisher #100451	USA
100456	Publisher #100456	USA
100457	Publisher #100457	USA
100459	Publisher #100459	USA
100460	Publisher #100460	USA
100461	Publisher #100461	USA
100465	Publisher #100465	USA
100468	Publisher #100468	USA
100469	Publisher #100469	USA
100470	Publisher #100470	USA
100474	Publisher #100474	USA
100475	Publisher #100475	USA
100476	Publisher #100476	USA
100477	Publisher #100477	USA
100478	Publisher #100478	USA
100482	Publisher #100482	USA
100483	Publisher #100483	USA
100487	Publisher #100487	USA
100488	Publisher #100488	USA
100490	Publisher #100490	USA
100491	Publisher #100491	USA
100493	Publisher #100493	USA
100503	Publisher #100503	USA
100504	Publisher #100504	USA
100506	Publisher #100506	USA
100507	Publisher #100507	USA
100508	Publisher #100508	USA
100510	Publisher #100510	USA
100512	Publisher #100512	USA
100513	Publisher #100513	USA
100515	Publisher #100515	USA
100516	Publisher #100516	USA
100519	Publisher #100519	USA
100521	Publisher #100521	USA
100523	Publisher #100523	USA
100524	Publisher #100524	USA
100528	Publisher #100528	USA
100533	Publisher #100533	USA
100534	Publisher #100534	USA
100535	Publisher #100535	USA
100540	Publisher #100540	USA
100541	Publisher #100541	USA
100542	Publisher #100542	USA
100544	Publisher #100544	USA
100545	Publisher #100545	USA
100546	Publisher #100546	USA
100547	Publisher #100547	USA
100550	Publisher #100550	USA
100555	Publisher #100555	USA
100558	Publisher #100558	USA
100559	Publisher #100559	USA
100560	Publisher #100560	USA
100561	Publisher #100561	USA
100562	Publisher #100562	USA
100564	Publisher #100564	USA
100565	Publisher #100565	USA
100566	Publisher #100566	USA
100567	Publisher #100567	USA
100568	Publisher #100568	USA
100571	Publisher #100571	USA
100574	Publisher #100574	USA
100576	Publisher #100576	USA
100579	Publisher #100579	USA
100580	Publisher #100580	USA
100581	Publisher #100581	USA
100582	Publisher #100582	USA
100585	Publisher #100585	USA
100587	Publisher #100587	USA
100588	Publisher #100588	USA
100594	Publisher #100594	USA
100596	Publisher #100596	USA
100597	Publisher #100597	USA
100600	Publisher #100600	USA
100601	Publisher #100601	USA
100604	Publisher #100604	USA
100605	Publisher #100605	USA
100606	Publisher #100606	USA
100607	Publisher #100607	USA
100608	Publisher #100608	USA
100609	Publisher #100609	USA
100611	Publisher #100611	USA
100613	Publisher #100613	USA
100614	Publisher #100614	USA
100615	Publisher #100615	USA
100618	Publisher #100618	USA
100619	Publisher #100619	USA
100621	Publisher #100621	USA
100624	Publisher #100624	USA
100625	Publisher #100625	USA
100628	Publisher #100628	USA
100629	Publisher #100629	USA
100630	Publisher #100630	USA
100631	Publisher #100631	USA
100632	Publisher #100632	USA
100636	Publisher #100636	USA
100637	Publisher #100637	USA
100639	Publisher #100639	USA
100640	Publisher #100640	USA
100642	Publisher #100642	USA
100643	Publisher #100643	USA
100648	Publisher #100648	USA
100649	Publisher #100649	USA
100650	Publisher #100650	USA
100655	Publisher #100655	USA
100656	Publisher #100656	USA
100658	Publisher #100658	USA
100660	Publisher #100660	USA
100661	Publisher #100661	USA
100663	Publisher #100663	USA
100664	Publisher #100664	USA
100665	Publisher #100665	USA
100667	Publisher #100667	USA
100671	Publisher #100671	USA
100672	Publisher #100672	USA
100674	Publisher #100674	USA
100675	Publisher #100675	USA
100681	Publisher #100681	USA
100682	Publisher #100682	USA
100684	Publisher #100684	USA
100685	Publisher #100685	USA
100686	Publisher #100686	USA
100687	Publisher #100687	USA
100688	Publisher #100688	USA
100690	Publisher #100690	USA
100693	Publisher #100693	USA
100694	Publisher #100694	USA
100698	Publisher #100698	USA
100699	Publisher #100699	USA
100702	Publisher #100702	USA
100704	Publisher #100704	USA
100711	Publisher #100711	USA
100712	Publisher #100712	USA
100716	Publisher #100716	USA
100717	Publisher #100717	USA
100720	Publisher #100720	USA
100721	Publisher #100721	USA
100722	Publisher #100722	USA
100723	Publisher #100723	USA
100724	Publisher #100724	USA
100725	Publisher #100725	USA
100726	Publisher #100726	USA
100727	Publisher #100727	USA
100728	Publisher #100728	USA
100730	Publisher #100730	USA
100731	Publisher #100731	USA
100732	Publisher #100732	USA
100733	Publisher #100733	USA
100735	Publisher #100735	USA
100737	Publisher #100737	USA
100738	Publisher #100738	USA
100739	Publisher #100739	USA
100741	Publisher #100741	USA
100742	Publisher #100742	USA
100751	Publisher #100751	USA
100752	Publisher #100752	USA
100753	Publisher #100753	USA
100754	Publisher #100754	USA
100756	Publisher #100756	USA
100762	Publisher #100762	USA
100763	Publisher #100763	USA
100764	Publisher #100764	USA
100766	Publisher #100766	USA
100768	Publisher #100768	USA
100769	Publisher #100769	USA
100771	Publisher #100771	USA
100772	Publisher #100772	USA
100773	Publisher #100773	USA
100778	Publisher #100778	USA
100785	Publisher #100785	USA
100792	Publisher #100792	USA
100796	Publisher #100796	USA
100797	Publisher #100797	USA
100798	Publisher #100798	USA
100799	Publisher #100799	USA
100800	Publisher #100800	USA
100803	Publisher #100803	USA
100805	Publisher #100805	USA
100806	Publisher #100806	USA
100809	Publisher #100809	USA
100811	Publisher #100811	USA
100812	Publisher #100812	USA
100815	Publisher #100815	USA
100816	Publisher #100816	USA
100821	Publisher #100821	USA
100822	Publisher #100822	USA
100823	Publisher #100823	USA
100824	Publisher #100824	USA
100832	Publisher #100832	USA
100834	Publisher #100834	USA
100835	Publisher #100835	USA
100836	Publisher #100836	USA
100838	Publisher #100838	USA
100840	Publisher #100840	USA
100841	Publisher #100841	USA
100842	Publisher #100842	USA
100844	Publisher #100844	USA
100847	Publisher #100847	USA
100850	Publisher #100850	USA
100851	Publisher #100851	USA
100853	Publisher #100853	USA
100855	Publisher #100855	USA
100856	Publisher #100856	USA
100857	Publisher #100857	USA
100859	Publisher #100859	USA
100860	Publisher #100860	USA
100861	Publisher #100861	USA
100869	Publisher #100869	USA
100870	Publisher #100870	USA
100872	Publisher #100872	USA
100873	Publisher #100873	USA
100874	Publisher #100874	USA
100876	Publisher #100876	USA
100877	Publisher #100877	USA
100880	Publisher #100880	USA
100881	Publisher #100881	USA
100882	Publisher #100882	USA
100884	Publisher #100884	USA
100885	Publisher #100885	USA
100887	Publisher #100887	USA
100890	Publisher #100890	USA
100891	Publisher #100891	USA
100892	Publisher #100892	USA
100895	Publisher #100895	USA
100896	Publisher #100896	USA
100902	Publisher #100902	USA
100903	Publisher #100903	USA
100905	Publisher #100905	USA
100907	Publisher #100907	USA
100908	Publisher #100908	USA
100911	Publisher #100911	USA
100913	Publisher #100913	USA
100914	Publisher #100914	USA
100915	Publisher #100915	USA
100916	Publisher #100916	USA
100919	Publisher #100919	USA
100920	Publisher #100920	USA
100921	Publisher #100921	USA
100922	Publisher #100922	USA
100924	Publisher #100924	USA
100926	Publisher #100926	USA
100928	Publisher #100928	USA
100929	Publisher #100929	USA
100931	Publisher #100931	USA
100932	Publisher #100932	USA
100934	Publisher #100934	USA
100938	Publisher #100938	USA
100944	Publisher #100944	USA
100950	Publisher #100950	USA
100951	Publisher #100951	USA
100952	Publisher #100952	USA
100953	Publisher #100953	USA
100960	Publisher #100960	USA
100962	Publisher #100962	USA
100965	Publisher #100965	USA
100966	Publisher #100966	USA
100967	Publisher #100967	USA
100968	Publisher #100968	USA
100970	Publisher #100970	USA
100971	Publisher #100971	USA
100972	Publisher #100972	USA
100973	Publisher #100973	USA
100975	Publisher #100975	USA
100976	Publisher #100976	USA
100979	Publisher #100979	USA
100983	Publisher #100983	USA
100984	Publisher #100984	USA
100985	Publisher #100985	USA
100986	Publisher #100986	USA
100988	Publisher #100988	USA
100992	Publisher #100992	USA
100997	Publisher #100997	USA
101001	Publisher #101001	USA
101003	Publisher #101003	USA
101006	Publisher #101006	USA
101008	Publisher #101008	USA
101009	Publisher #101009	USA
101010	Publisher #101010	USA
101011	Publisher #101011	USA
101014	Publisher #101014	USA
101020	Publisher #101020	USA
101021	Publisher #101021	USA
101022	Publisher #101022	USA
101024	Publisher #101024	USA
101025	Publisher #101025	USA
101026	Publisher #101026	USA
101027	Publisher #101027	USA
101029	Publisher #101029	USA
101030	Publisher #101030	USA
101031	Publisher #101031	USA
101032	Publisher #101032	USA
101033	Publisher #101033	USA
101036	Publisher #101036	USA
101038	Publisher #101038	USA
101042	Publisher #101042	USA
101043	Publisher #101043	USA
101044	Publisher #101044	USA
101045	Publisher #101045	USA
101049	Publisher #101049	USA
101050	Publisher #101050	USA
101051	Publisher #101051	USA
101052	Publisher #101052	USA
101053	Publisher #101053	USA
101054	Publisher #101054	USA
101057	Publisher #101057	USA
101058	Publisher #101058	USA
101059	Publisher #101059	USA
101062	Publisher #101062	USA
101067	Publisher #101067	USA
101068	Publisher #101068	USA
101069	Publisher #101069	USA
101070	Publisher #101070	USA
101074	Publisher #101074	USA
101075	Publisher #101075	USA
101079	Publisher #101079	USA
101080	Publisher #101080	USA
101082	Publisher #101082	USA
101085	Publisher #101085	USA
101086	Publisher #101086	USA
101090	Publisher #101090	USA
101091	Publisher #101091	USA
101092	Publisher #101092	USA
101094	Publisher #101094	USA
101095	Publisher #101095	USA
101097	Publisher #101097	USA
101100	Publisher #101100	USA
101103	Publisher #101103	USA
101104	Publisher #101104	USA
101105	Publisher #101105	USA
101106	Publisher #101106	USA
101108	Publisher #101108	USA
101109	Publisher #101109	USA
101110	Publisher #101110	USA
101112	Publisher #101112	USA
101115	Publisher #101115	USA
101116	Publisher #101116	USA
101117	Publisher #101117	USA
101118	Publisher #101118	USA
101120	Publisher #101120	USA
101121	Publisher #101121	USA
101123	Publisher #101123	USA
101125	Publisher #101125	USA
101127	Publisher #101127	USA
101128	Publisher #101128	USA
101130	Publisher #101130	USA
101134	Publisher #101134	USA
101136	Publisher #101136	USA
101137	Publisher #101137	USA
101141	Publisher #101141	USA
101144	Publisher #101144	USA
101147	Publisher #101147	USA
101148	Publisher #101148	USA
101150	Publisher #101150	USA
101153	Publisher #101153	USA
101154	Publisher #101154	USA
101155	Publisher #101155	USA
101156	Publisher #101156	USA
101158	Publisher #101158	USA
101159	Publisher #101159	USA
101164	Publisher #101164	USA
101165	Publisher #101165	USA
101167	Publisher #101167	USA
101168	Publisher #101168	USA
101170	Publisher #101170	USA
101171	Publisher #101171	USA
101173	Publisher #101173	USA
101174	Publisher #101174	USA
101175	Publisher #101175	USA
101176	Publisher #101176	USA
101184	Publisher #101184	USA
101187	Publisher #101187	USA
101188	Publisher #101188	USA
101191	Publisher #101191	USA
101192	Publisher #101192	USA
101193	Publisher #101193	USA
101194	Publisher #101194	USA
101195	Publisher #101195	USA
101198	Publisher #101198	USA
101200	Publisher #101200	USA
101203	Publisher #101203	USA
101204	Publisher #101204	USA
101209	Publisher #101209	USA
101213	Publisher #101213	USA
101216	Publisher #101216	USA
101218	Publisher #101218	USA
101219	Publisher #101219	USA
101227	Publisher #101227	USA
101228	Publisher #101228	USA
101229	Publisher #101229	USA
101230	Publisher #101230	USA
101231	Publisher #101231	USA
101233	Publisher #101233	USA
101234	Publisher #101234	USA
101235	Publisher #101235	USA
101238	Publisher #101238	USA
101239	Publisher #101239	USA
101241	Publisher #101241	USA
101242	Publisher #101242	USA
101243	Publisher #101243	USA
101246	Publisher #101246	USA
101247	Publisher #101247	USA
101249	Publisher #101249	USA
101250	Publisher #101250	USA
101253	Publisher #101253	USA
101254	Publisher #101254	USA
101256	Publisher #101256	USA
101257	Publisher #101257	USA
101258	Publisher #101258	USA
101261	Publisher #101261	USA
101262	Publisher #101262	USA
101265	Publisher #101265	USA
101266	Publisher #101266	USA
101270	Publisher #101270	USA
101272	Publisher #101272	USA
101273	Publisher #101273	USA
101275	Publisher #101275	USA
101276	Publisher #101276	USA
101279	Publisher #101279	USA
101280	Publisher #101280	USA
101282	Publisher #101282	USA
101285	Publisher #101285	USA
101286	Publisher #101286	USA
101290	Publisher #101290	USA
101292	Publisher #101292	USA
101296	Publisher #101296	USA
101297	Publisher #101297	USA
101298	Publisher #101298	USA
101302	Publisher #101302	USA
101303	Publisher #101303	USA
101305	Publisher #101305	USA
101306	Publisher #101306	USA
101307	Publisher #101307	USA
101310	Publisher #101310	USA
101311	Publisher #101311	USA
101315	Publisher #101315	USA
101317	Publisher #101317	USA
101318	Publisher #101318	USA
101319	Publisher #101319	USA
101328	Publisher #101328	USA
101330	Publisher #101330	USA
101331	Publisher #101331	USA
101333	Publisher #101333	USA
101336	Publisher #101336	USA
101337	Publisher #101337	USA
101340	Publisher #101340	USA
101341	Publisher #101341	USA
101342	Publisher #101342	USA
101343	Publisher #101343	USA
101344	Publisher #101344	USA
101347	Publisher #101347	USA
101348	Publisher #101348	USA
101349	Publisher #101349	USA
101350	Publisher #101350	USA
101351	Publisher #101351	USA
101353	Publisher #101353	USA
101354	Publisher #101354	USA
101355	Publisher #101355	USA
101357	Publisher #101357	USA
101364	Publisher #101364	USA
101369	Publisher #101369	USA
101370	Publisher #101370	USA
101371	Publisher #101371	USA
101372	Publisher #101372	USA
101377	Publisher #101377	USA
101379	Publisher #101379	USA
101380	Publisher #101380	USA
101381	Publisher #101381	USA
101382	Publisher #101382	USA
101383	Publisher #101383	USA
101386	Publisher #101386	USA
101388	Publisher #101388	USA
101389	Publisher #101389	USA
101390	Publisher #101390	USA
101392	Publisher #101392	USA
101393	Publisher #101393	USA
101394	Publisher #101394	USA
101395	Publisher #101395	USA
101396	Publisher #101396	USA
101398	Publisher #101398	USA
101400	Publisher #101400	USA
101402	Publisher #101402	USA
101403	Publisher #101403	USA
101405	Publisher #101405	USA
101406	Publisher #101406	USA
101408	Publisher #101408	USA
101414	Publisher #101414	USA
101418	Publisher #101418	USA
101419	Publisher #101419	USA
101422	Publisher #101422	USA
101423	Publisher #101423	USA
101426	Publisher #101426	USA
101427	Publisher #101427	USA
101428	Publisher #101428	USA
101429	Publisher #101429	USA
101430	Publisher #101430	USA
101431	Publisher #101431	USA
101432	Publisher #101432	USA
101435	Publisher #101435	USA
101436	Publisher #101436	USA
101441	Publisher #101441	USA
101447	Publisher #101447	USA
101449	Publisher #101449	USA
101450	Publisher #101450	USA
101458	Publisher #101458	USA
101461	Publisher #101461	USA
101468	Publisher #101468	USA
101470	Publisher #101470	USA
101472	Publisher #101472	USA
101473	Publisher #101473	USA
101474	Publisher #101474	USA
101475	Publisher #101475	USA
101477	Publisher #101477	USA
101478	Publisher #101478	USA
101479	Publisher #101479	USA
101480	Publisher #101480	USA
101482	Publisher #101482	USA
101490	Publisher #101490	USA
101491	Publisher #101491	USA
101492	Publisher #101492	USA
101498	Publisher #101498	USA
101500	Publisher #101500	USA
101502	Publisher #101502	USA
101503	Publisher #101503	USA
101504	Publisher #101504	USA
101507	Publisher #101507	USA
101509	Publisher #101509	USA
101510	Publisher #101510	USA
101511	Publisher #101511	USA
101518	Publisher #101518	USA
101520	Publisher #101520	USA
101521	Publisher #101521	USA
101522	Publisher #101522	USA
101525	Publisher #101525	USA
101528	Publisher #101528	USA
101529	Publisher #101529	USA
101530	Publisher #101530	USA
101532	Publisher #101532	USA
101533	Publisher #101533	USA
101536	Publisher #101536	USA
101537	Publisher #101537	USA
101538	Publisher #101538	USA
101539	Publisher #101539	USA
101541	Publisher #101541	USA
101542	Publisher #101542	USA
101543	Publisher #101543	USA
101544	Publisher #101544	USA
101545	Publisher #101545	USA
101546	Publisher #101546	USA
101553	Publisher #101553	USA
101556	Publisher #101556	USA
101557	Publisher #101557	USA
101558	Publisher #101558	USA
101563	Publisher #101563	USA
101565	Publisher #101565	USA
101567	Publisher #101567	USA
101571	Publisher #101571	USA
101572	Publisher #101572	USA
101575	Publisher #101575	USA
101578	Publisher #101578	USA
101580	Publisher #101580	USA
101585	Publisher #101585	USA
101587	Publisher #101587	USA
101588	Publisher #101588	USA
101590	Publisher #101590	USA
101591	Publisher #101591	USA
101594	Publisher #101594	USA
101597	Publisher #101597	USA
101600	Publisher #101600	USA
101604	Publisher #101604	USA
101605	Publisher #101605	USA
101606	Publisher #101606	USA
101610	Publisher #101610	USA
101611	Publisher #101611	USA
101613	Publisher #101613	USA
101614	Publisher #101614	USA
101615	Publisher #101615	USA
101617	Publisher #101617	USA
101619	Publisher #101619	USA
101621	Publisher #101621	USA
101622	Publisher #101622	USA
101628	Publisher #101628	USA
101629	Publisher #101629	USA
101630	Publisher #101630	USA
101634	Publisher #101634	USA
101635	Publisher #101635	USA
101637	Publisher #101637	USA
101639	Publisher #101639	USA
101640	Publisher #101640	USA
101641	Publisher #101641	USA
101642	Publisher #101642	USA
101643	Publisher #101643	USA
101645	Publisher #101645	USA
101646	Publisher #101646	USA
101647	Publisher #101647	USA
101650	Publisher #101650	USA
101651	Publisher #101651	USA
101652	Publisher #101652	USA
101655	Publisher #101655	USA
101656	Publisher #101656	USA
101657	Publisher #101657	USA
101659	Publisher #101659	USA
101662	Publisher #101662	USA
101663	Publisher #101663	USA
101664	Publisher #101664	USA
101665	Publisher #101665	USA
101666	Publisher #101666	USA
101667	Publisher #101667	USA
101668	Publisher #101668	USA
101672	Publisher #101672	USA
101673	Publisher #101673	USA
101674	Publisher #101674	USA
101675	Publisher #101675	USA
101677	Publisher #101677	USA
101678	Publisher #101678	USA
101679	Publisher #101679	USA
101681	Publisher #101681	USA
101682	Publisher #101682	USA
101684	Publisher #101684	USA
101688	Publisher #101688	USA
101691	Publisher #101691	USA
101693	Publisher #101693	USA
101694	Publisher #101694	USA
101695	Publisher #101695	USA
101702	Publisher #101702	USA
101703	Publisher #101703	USA
101704	Publisher #101704	USA
101705	Publisher #101705	USA
101709	Publisher #101709	USA
101711	Publisher #101711	USA
101713	Publisher #101713	USA
101715	Publisher #101715	USA
101716	Publisher #101716	USA
101717	Publisher #101717	USA
101718	Publisher #101718	USA
101721	Publisher #101721	USA
101723	Publisher #101723	USA
101724	Publisher #101724	USA
101726	Publisher #101726	USA
101727	Publisher #101727	USA
101728	Publisher #101728	USA
101737	Publisher #101737	USA
101740	Publisher #101740	USA
101742	Publisher #101742	USA
101747	Publisher #101747	USA
101751	Publisher #101751	USA
101753	Publisher #101753	USA
101754	Publisher #101754	USA
101756	Publisher #101756	USA
101757	Publisher #101757	USA
101758	Publisher #101758	USA
101759	Publisher #101759	USA
101764	Publisher #101764	USA
101765	Publisher #101765	USA
101766	Publisher #101766	USA
101768	Publisher #101768	USA
101772	Publisher #101772	USA
101775	Publisher #101775	USA
101778	Publisher #101778	USA
101780	Publisher #101780	USA
101783	Publisher #101783	USA
101787	Publisher #101787	USA
101788	Publisher #101788	USA
101790	Publisher #101790	USA
101793	Publisher #101793	USA
101794	Publisher #101794	USA
101795	Publisher #101795	USA
101797	Publisher #101797	USA
101798	Publisher #101798	USA
101800	Publisher #101800	USA
101801	Publisher #101801	USA
101803	Publisher #101803	USA
101804	Publisher #101804	USA
101806	Publisher #101806	USA
101808	Publisher #101808	USA
101810	Publisher #101810	USA
101811	Publisher #101811	USA
101813	Publisher #101813	USA
101814	Publisher #101814	USA
101815	Publisher #101815	USA
101816	Publisher #101816	USA
101817	Publisher #101817	USA
101818	Publisher #101818	USA
101821	Publisher #101821	USA
101822	Publisher #101822	USA
101823	Publisher #101823	USA
101824	Publisher #101824	USA
101826	Publisher #101826	USA
101827	Publisher #101827	USA
101828	Publisher #101828	USA
101829	Publisher #101829	USA
101833	Publisher #101833	USA
101834	Publisher #101834	USA
101837	Publisher #101837	USA
101839	Publisher #101839	USA
101844	Publisher #101844	USA
101845	Publisher #101845	USA
101846	Publisher #101846	USA
101850	Publisher #101850	USA
101851	Publisher #101851	USA
101852	Publisher #101852	USA
101854	Publisher #101854	USA
101855	Publisher #101855	USA
101859	Publisher #101859	USA
101860	Publisher #101860	USA
101865	Publisher #101865	USA
101866	Publisher #101866	USA
101869	Publisher #101869	USA
101870	Publisher #101870	USA
101871	Publisher #101871	USA
101872	Publisher #101872	USA
101873	Publisher #101873	USA
101874	Publisher #101874	USA
101875	Publisher #101875	USA
101878	Publisher #101878	USA
101880	Publisher #101880	USA
101882	Publisher #101882	USA
101883	Publisher #101883	USA
101884	Publisher #101884	USA
101885	Publisher #101885	USA
101887	Publisher #101887	USA
101889	Publisher #101889	USA
101891	Publisher #101891	USA
101893	Publisher #101893	USA
101896	Publisher #101896	USA
101899	Publisher #101899	USA
101901	Publisher #101901	USA
101903	Publisher #101903	USA
101906	Publisher #101906	USA
101907	Publisher #101907	USA
101909	Publisher #101909	USA
101910	Publisher #101910	USA
101913	Publisher #101913	USA
101914	Publisher #101914	USA
101918	Publisher #101918	USA
101920	Publisher #101920	USA
101924	Publisher #101924	USA
101925	Publisher #101925	USA
101926	Publisher #101926	USA
101927	Publisher #101927	USA
101929	Publisher #101929	USA
101931	Publisher #101931	USA
101936	Publisher #101936	USA
101937	Publisher #101937	USA
101938	Publisher #101938	USA
101939	Publisher #101939	USA
101942	Publisher #101942	USA
101943	Publisher #101943	USA
101946	Publisher #101946	USA
101947	Publisher #101947	USA
101948	Publisher #101948	USA
101949	Publisher #101949	USA
101951	Publisher #101951	USA
101953	Publisher #101953	USA
101956	Publisher #101956	USA
101957	Publisher #101957	USA
101958	Publisher #101958	USA
101959	Publisher #101959	USA
101960	Publisher #101960	USA
101961	Publisher #101961	USA
101962	Publisher #101962	USA
101964	Publisher #101964	USA
101965	Publisher #101965	USA
101966	Publisher #101966	USA
101970	Publisher #101970	USA
101971	Publisher #101971	USA
101974	Publisher #101974	USA
101976	Publisher #101976	USA
101977	Publisher #101977	USA
101978	Publisher #101978	USA
101981	Publisher #101981	USA
101990	Publisher #101990	USA
101991	Publisher #101991	USA
101992	Publisher #101992	USA
101996	Publisher #101996	USA
102000	Publisher #102000	USA
102002	Publisher #102002	USA
102004	Publisher #102004	USA
102007	Publisher #102007	USA
102008	Publisher #102008	USA
102009	Publisher #102009	USA
102010	Publisher #102010	USA
102012	Publisher #102012	USA
102013	Publisher #102013	USA
102015	Publisher #102015	USA
102016	Publisher #102016	USA
102021	Publisher #102021	USA
102023	Publisher #102023	USA
102026	Publisher #102026	USA
102028	Publisher #102028	USA
102031	Publisher #102031	USA
102035	Publisher #102035	USA
102040	Publisher #102040	USA
102041	Publisher #102041	USA
102046	Publisher #102046	USA
102048	Publisher #102048	USA
102050	Publisher #102050	USA
102055	Publisher #102055	USA
102056	Publisher #102056	USA
102059	Publisher #102059	USA
102060	Publisher #102060	USA
102062	Publisher #102062	USA
102063	Publisher #102063	USA
102068	Publisher #102068	USA
102069	Publisher #102069	USA
102070	Publisher #102070	USA
102071	Publisher #102071	USA
102072	Publisher #102072	USA
102074	Publisher #102074	USA
102076	Publisher #102076	USA
102077	Publisher #102077	USA
102078	Publisher #102078	USA
102080	Publisher #102080	USA
102083	Publisher #102083	USA
102084	Publisher #102084	USA
102087	Publisher #102087	USA
102088	Publisher #102088	USA
102090	Publisher #102090	USA
102091	Publisher #102091	USA
102092	Publisher #102092	USA
102093	Publisher #102093	USA
102095	Publisher #102095	USA
102096	Publisher #102096	USA
102097	Publisher #102097	USA
102098	Publisher #102098	USA
102099	Publisher #102099	USA
102102	Publisher #102102	USA
102103	Publisher #102103	USA
102105	Publisher #102105	USA
102106	Publisher #102106	USA
102108	Publisher #102108	USA
102111	Publisher #102111	USA
102112	Publisher #102112	USA
102115	Publisher #102115	USA
102116	Publisher #102116	USA
102118	Publisher #102118	USA
102119	Publisher #102119	USA
102121	Publisher #102121	USA
102125	Publisher #102125	USA
102127	Publisher #102127	USA
102130	Publisher #102130	USA
102132	Publisher #102132	USA
102134	Publisher #102134	USA
102135	Publisher #102135	USA
102136	Publisher #102136	USA
102139	Publisher #102139	USA
102140	Publisher #102140	USA
102144	Publisher #102144	USA
102149	Publisher #102149	USA
102150	Publisher #102150	USA
102151	Publisher #102151	USA
102152	Publisher #102152	USA
102153	Publisher #102153	USA
102157	Publisher #102157	USA
102162	Publisher #102162	USA
102163	Publisher #102163	USA
102164	Publisher #102164	USA
102165	Publisher #102165	USA
102168	Publisher #102168	USA
102173	Publisher #102173	USA
102175	Publisher #102175	USA
102177	Publisher #102177	USA
102179	Publisher #102179	USA
102180	Publisher #102180	USA
102186	Publisher #102186	USA
102188	Publisher #102188	USA
102190	Publisher #102190	USA
102191	Publisher #102191	USA
102192	Publisher #102192	USA
102193	Publisher #102193	USA
102194	Publisher #102194	USA
102195	Publisher #102195	USA
102196	Publisher #102196	USA
102199	Publisher #102199	USA
102200	Publisher #102200	USA
102203	Publisher #102203	USA
102204	Publisher #102204	USA
102205	Publisher #102205	USA
102209	Publisher #102209	USA
102210	Publisher #102210	USA
102211	Publisher #102211	USA
102212	Publisher #102212	USA
102214	Publisher #102214	USA
102217	Publisher #102217	USA
102220	Publisher #102220	USA
102221	Publisher #102221	USA
102222	Publisher #102222	USA
102223	Publisher #102223	USA
102229	Publisher #102229	USA
102231	Publisher #102231	USA
102232	Publisher #102232	USA
102233	Publisher #102233	USA
102234	Publisher #102234	USA
102235	Publisher #102235	USA
102236	Publisher #102236	USA
102239	Publisher #102239	USA
102240	Publisher #102240	USA
102241	Publisher #102241	USA
102244	Publisher #102244	USA
102245	Publisher #102245	USA
102248	Publisher #102248	USA
102249	Publisher #102249	USA
102251	Publisher #102251	USA
102257	Publisher #102257	USA
102258	Publisher #102258	USA
102259	Publisher #102259	USA
102261	Publisher #102261	USA
102262	Publisher #102262	USA
102266	Publisher #102266	USA
102270	Publisher #102270	USA
102272	Publisher #102272	USA
102274	Publisher #102274	USA
102276	Publisher #102276	USA
102278	Publisher #102278	USA
102279	Publisher #102279	USA
102280	Publisher #102280	USA
102282	Publisher #102282	USA
102284	Publisher #102284	USA
102286	Publisher #102286	USA
102289	Publisher #102289	USA
102293	Publisher #102293	USA
102295	Publisher #102295	USA
102298	Publisher #102298	USA
102299	Publisher #102299	USA
102302	Publisher #102302	USA
102303	Publisher #102303	USA
102304	Publisher #102304	USA
102305	Publisher #102305	USA
102306	Publisher #102306	USA
102307	Publisher #102307	USA
102308	Publisher #102308	USA
102310	Publisher #102310	USA
102314	Publisher #102314	USA
102315	Publisher #102315	USA
102316	Publisher #102316	USA
102321	Publisher #102321	USA
102322	Publisher #102322	USA
102324	Publisher #102324	USA
102325	Publisher #102325	USA
102326	Publisher #102326	USA
102328	Publisher #102328	USA
102329	Publisher #102329	USA
102331	Publisher #102331	USA
102333	Publisher #102333	USA
102334	Publisher #102334	USA
102337	Publisher #102337	USA
102338	Publisher #102338	USA
102339	Publisher #102339	USA
102341	Publisher #102341	USA
102344	Publisher #102344	USA
102349	Publisher #102349	USA
102350	Publisher #102350	USA
102353	Publisher #102353	USA
102354	Publisher #102354	USA
102357	Publisher #102357	USA
102361	Publisher #102361	USA
102362	Publisher #102362	USA
102370	Publisher #102370	USA
102371	Publisher #102371	USA
102372	Publisher #102372	USA
102373	Publisher #102373	USA
102378	Publisher #102378	USA
102384	Publisher #102384	USA
102390	Publisher #102390	USA
102391	Publisher #102391	USA
102392	Publisher #102392	USA
102394	Publisher #102394	USA
102396	Publisher #102396	USA
102397	Publisher #102397	USA
102398	Publisher #102398	USA
102399	Publisher #102399	USA
102400	Publisher #102400	USA
102402	Publisher #102402	USA
102404	Publisher #102404	USA
102405	Publisher #102405	USA
102408	Publisher #102408	USA
102413	Publisher #102413	USA
102418	Publisher #102418	USA
102419	Publisher #102419	USA
102420	Publisher #102420	USA
102421	Publisher #102421	USA
102425	Publisher #102425	USA
102428	Publisher #102428	USA
102430	Publisher #102430	USA
102431	Publisher #102431	USA
102435	Publisher #102435	USA
102438	Publisher #102438	USA
102439	Publisher #102439	USA
102440	Publisher #102440	USA
102441	Publisher #102441	USA
102442	Publisher #102442	USA
102444	Publisher #102444	USA
102447	Publisher #102447	USA
102449	Publisher #102449	USA
102450	Publisher #102450	USA
102451	Publisher #102451	USA
102452	Publisher #102452	USA
102455	Publisher #102455	USA
102456	Publisher #102456	USA
102457	Publisher #102457	USA
102458	Publisher #102458	USA
102459	Publisher #102459	USA
102460	Publisher #102460	USA
102462	Publisher #102462	USA
102465	Publisher #102465	USA
102467	Publisher #102467	USA
102468	Publisher #102468	USA
102469	Publisher #102469	USA
102474	Publisher #102474	USA
102475	Publisher #102475	USA
102476	Publisher #102476	USA
102478	Publisher #102478	USA
102479	Publisher #102479	USA
102483	Publisher #102483	USA
102484	Publisher #102484	USA
102485	Publisher #102485	USA
102487	Publisher #102487	USA
102488	Publisher #102488	USA
102489	Publisher #102489	USA
102493	Publisher #102493	USA
102497	Publisher #102497	USA
102501	Publisher #102501	USA
102503	Publisher #102503	USA
102504	Publisher #102504	USA
102505	Publisher #102505	USA
102507	Publisher #102507	USA
102508	Publisher #102508	USA
102509	Publisher #102509	USA
102510	Publisher #102510	USA
102511	Publisher #102511	USA
102514	Publisher #102514	USA
102515	Publisher #102515	USA
102518	Publisher #102518	USA
102519	Publisher #102519	USA
102520	Publisher #102520	USA
102521	Publisher #102521	USA
102522	Publisher #102522	USA
102524	Publisher #102524	USA
102531	Publisher #102531	USA
102532	Publisher #102532	USA
102534	Publisher #102534	USA
102538	Publisher #102538	USA
102540	Publisher #102540	USA
102542	Publisher #102542	USA
102543	Publisher #102543	USA
102546	Publisher #102546	USA
102547	Publisher #102547	USA
102548	Publisher #102548	USA
102549	Publisher #102549	USA
102551	Publisher #102551	USA
102553	Publisher #102553	USA
102555	Publisher #102555	USA
102558	Publisher #102558	USA
102561	Publisher #102561	USA
102564	Publisher #102564	USA
102566	Publisher #102566	USA
102567	Publisher #102567	USA
102568	Publisher #102568	USA
102570	Publisher #102570	USA
102574	Publisher #102574	USA
102575	Publisher #102575	USA
102580	Publisher #102580	USA
102585	Publisher #102585	USA
102587	Publisher #102587	USA
102588	Publisher #102588	USA
102591	Publisher #102591	USA
102596	Publisher #102596	USA
102597	Publisher #102597	USA
102598	Publisher #102598	USA
102599	Publisher #102599	USA
102604	Publisher #102604	USA
102608	Publisher #102608	USA
102609	Publisher #102609	USA
102610	Publisher #102610	USA
102611	Publisher #102611	USA
102612	Publisher #102612	USA
102615	Publisher #102615	USA
102617	Publisher #102617	USA
102621	Publisher #102621	USA
102623	Publisher #102623	USA
102625	Publisher #102625	USA
102626	Publisher #102626	USA
102627	Publisher #102627	USA
102628	Publisher #102628	USA
102629	Publisher #102629	USA
102631	Publisher #102631	USA
102633	Publisher #102633	USA
102634	Publisher #102634	USA
102638	Publisher #102638	USA
102639	Publisher #102639	USA
102641	Publisher #102641	USA
102642	Publisher #102642	USA
102646	Publisher #102646	USA
102647	Publisher #102647	USA
102650	Publisher #102650	USA
102651	Publisher #102651	USA
102653	Publisher #102653	USA
102654	Publisher #102654	USA
102655	Publisher #102655	USA
102657	Publisher #102657	USA
102659	Publisher #102659	USA
102661	Publisher #102661	USA
102663	Publisher #102663	USA
102665	Publisher #102665	USA
102666	Publisher #102666	USA
102672	Publisher #102672	USA
102676	Publisher #102676	USA
102677	Publisher #102677	USA
102678	Publisher #102678	USA
102679	Publisher #102679	USA
102680	Publisher #102680	USA
102682	Publisher #102682	USA
102684	Publisher #102684	USA
102685	Publisher #102685	USA
102689	Publisher #102689	USA
102691	Publisher #102691	USA
102692	Publisher #102692	USA
102693	Publisher #102693	USA
102696	Publisher #102696	USA
102697	Publisher #102697	USA
102700	Publisher #102700	USA
102701	Publisher #102701	USA
102703	Publisher #102703	USA
102704	Publisher #102704	USA
102707	Publisher #102707	USA
102714	Publisher #102714	USA
102715	Publisher #102715	USA
102716	Publisher #102716	USA
102717	Publisher #102717	USA
102721	Publisher #102721	USA
102722	Publisher #102722	USA
102723	Publisher #102723	USA
102726	Publisher #102726	USA
102731	Publisher #102731	USA
102732	Publisher #102732	USA
102737	Publisher #102737	USA
102739	Publisher #102739	USA
102740	Publisher #102740	USA
102744	Publisher #102744	USA
102747	Publisher #102747	USA
102751	Publisher #102751	USA
102755	Publisher #102755	USA
102757	Publisher #102757	USA
102761	Publisher #102761	USA
102763	Publisher #102763	USA
102765	Publisher #102765	USA
102766	Publisher #102766	USA
102767	Publisher #102767	USA
102769	Publisher #102769	USA
102770	Publisher #102770	USA
102772	Publisher #102772	USA
102773	Publisher #102773	USA
102774	Publisher #102774	USA
102775	Publisher #102775	USA
102778	Publisher #102778	USA
102781	Publisher #102781	USA
102783	Publisher #102783	USA
102784	Publisher #102784	USA
102785	Publisher #102785	USA
102788	Publisher #102788	USA
102790	Publisher #102790	USA
102791	Publisher #102791	USA
102800	Publisher #102800	USA
102801	Publisher #102801	USA
102802	Publisher #102802	USA
102803	Publisher #102803	USA
102806	Publisher #102806	USA
102808	Publisher #102808	USA
102809	Publisher #102809	USA
102814	Publisher #102814	USA
102816	Publisher #102816	USA
102818	Publisher #102818	USA
102821	Publisher #102821	USA
102824	Publisher #102824	USA
102828	Publisher #102828	USA
102829	Publisher #102829	USA
102832	Publisher #102832	USA
102835	Publisher #102835	USA
102839	Publisher #102839	USA
102840	Publisher #102840	USA
102841	Publisher #102841	USA
102847	Publisher #102847	USA
102849	Publisher #102849	USA
102851	Publisher #102851	USA
102853	Publisher #102853	USA
102854	Publisher #102854	USA
102855	Publisher #102855	USA
102856	Publisher #102856	USA
102858	Publisher #102858	USA
102859	Publisher #102859	USA
102860	Publisher #102860	USA
102861	Publisher #102861	USA
102865	Publisher #102865	USA
102866	Publisher #102866	USA
102869	Publisher #102869	USA
102870	Publisher #102870	USA
102871	Publisher #102871	USA
102872	Publisher #102872	USA
102873	Publisher #102873	USA
102877	Publisher #102877	USA
102878	Publisher #102878	USA
102879	Publisher #102879	USA
102881	Publisher #102881	USA
102889	Publisher #102889	USA
102893	Publisher #102893	USA
102895	Publisher #102895	USA
102896	Publisher #102896	USA
102898	Publisher #102898	USA
102899	Publisher #102899	USA
102900	Publisher #102900	USA
102901	Publisher #102901	USA
102903	Publisher #102903	USA
102907	Publisher #102907	USA
102910	Publisher #102910	USA
102912	Publisher #102912	USA
102914	Publisher #102914	USA
102915	Publisher #102915	USA
102916	Publisher #102916	USA
102917	Publisher #102917	USA
102918	Publisher #102918	USA
102919	Publisher #102919	USA
102920	Publisher #102920	USA
102925	Publisher #102925	USA
102926	Publisher #102926	USA
102928	Publisher #102928	USA
102929	Publisher #102929	USA
102930	Publisher #102930	USA
102937	Publisher #102937	USA
102938	Publisher #102938	USA
102939	Publisher #102939	USA
102940	Publisher #102940	USA
102941	Publisher #102941	USA
102943	Publisher #102943	USA
102944	Publisher #102944	USA
102945	Publisher #102945	USA
102948	Publisher #102948	USA
102951	Publisher #102951	USA
102954	Publisher #102954	USA
102956	Publisher #102956	USA
102958	Publisher #102958	USA
102959	Publisher #102959	USA
102960	Publisher #102960	USA
102963	Publisher #102963	USA
102966	Publisher #102966	USA
102967	Publisher #102967	USA
102971	Publisher #102971	USA
102972	Publisher #102972	USA
102973	Publisher #102973	USA
102975	Publisher #102975	USA
102981	Publisher #102981	USA
102985	Publisher #102985	USA
102986	Publisher #102986	USA
102990	Publisher #102990	USA
102993	Publisher #102993	USA
103000	Publisher #103000	USA
103003	Publisher #103003	USA
103006	Publisher #103006	USA
103009	Publisher #103009	USA
103012	Publisher #103012	USA
103013	Publisher #103013	USA
103014	Publisher #103014	USA
103015	Publisher #103015	USA
103017	Publisher #103017	USA
103020	Publisher #103020	USA
103022	Publisher #103022	USA
103023	Publisher #103023	USA
103025	Publisher #103025	USA
103027	Publisher #103027	USA
103029	Publisher #103029	USA
103030	Publisher #103030	USA
103032	Publisher #103032	USA
103034	Publisher #103034	USA
103036	Publisher #103036	USA
103038	Publisher #103038	USA
103039	Publisher #103039	USA
103040	Publisher #103040	USA
103046	Publisher #103046	USA
103051	Publisher #103051	USA
103052	Publisher #103052	USA
103053	Publisher #103053	USA
103055	Publisher #103055	USA
103058	Publisher #103058	USA
103060	Publisher #103060	USA
103063	Publisher #103063	USA
103065	Publisher #103065	USA
103067	Publisher #103067	USA
103070	Publisher #103070	USA
103073	Publisher #103073	USA
103075	Publisher #103075	USA
103077	Publisher #103077	USA
103078	Publisher #103078	USA
103082	Publisher #103082	USA
103083	Publisher #103083	USA
103084	Publisher #103084	USA
103086	Publisher #103086	USA
103087	Publisher #103087	USA
103090	Publisher #103090	USA
103091	Publisher #103091	USA
103092	Publisher #103092	USA
103093	Publisher #103093	USA
103095	Publisher #103095	USA
103097	Publisher #103097	USA
103098	Publisher #103098	USA
103105	Publisher #103105	USA
103107	Publisher #103107	USA
103108	Publisher #103108	USA
103109	Publisher #103109	USA
103110	Publisher #103110	USA
103111	Publisher #103111	USA
103114	Publisher #103114	USA
103115	Publisher #103115	USA
103117	Publisher #103117	USA
103124	Publisher #103124	USA
103125	Publisher #103125	USA
103126	Publisher #103126	USA
103127	Publisher #103127	USA
103128	Publisher #103128	USA
103131	Publisher #103131	USA
103132	Publisher #103132	USA
103133	Publisher #103133	USA
103137	Publisher #103137	USA
103138	Publisher #103138	USA
103139	Publisher #103139	USA
103141	Publisher #103141	USA
103142	Publisher #103142	USA
103143	Publisher #103143	USA
103144	Publisher #103144	USA
103146	Publisher #103146	USA
103149	Publisher #103149	USA
103150	Publisher #103150	USA
103152	Publisher #103152	USA
103155	Publisher #103155	USA
103156	Publisher #103156	USA
103159	Publisher #103159	USA
103163	Publisher #103163	USA
103164	Publisher #103164	USA
103165	Publisher #103165	USA
103166	Publisher #103166	USA
103172	Publisher #103172	USA
103173	Publisher #103173	USA
103175	Publisher #103175	USA
103176	Publisher #103176	USA
103177	Publisher #103177	USA
103178	Publisher #103178	USA
103180	Publisher #103180	USA
103187	Publisher #103187	USA
103188	Publisher #103188	USA
103190	Publisher #103190	USA
103193	Publisher #103193	USA
103196	Publisher #103196	USA
103201	Publisher #103201	USA
103203	Publisher #103203	USA
103204	Publisher #103204	USA
103206	Publisher #103206	USA
103211	Publisher #103211	USA
103212	Publisher #103212	USA
103214	Publisher #103214	USA
103215	Publisher #103215	USA
103216	Publisher #103216	USA
103217	Publisher #103217	USA
103220	Publisher #103220	USA
103221	Publisher #103221	USA
103222	Publisher #103222	USA
103223	Publisher #103223	USA
103224	Publisher #103224	USA
103230	Publisher #103230	USA
103234	Publisher #103234	USA
103235	Publisher #103235	USA
103240	Publisher #103240	USA
103241	Publisher #103241	USA
103246	Publisher #103246	USA
103247	Publisher #103247	USA
103248	Publisher #103248	USA
103252	Publisher #103252	USA
103253	Publisher #103253	USA
103256	Publisher #103256	USA
103257	Publisher #103257	USA
103258	Publisher #103258	USA
103261	Publisher #103261	USA
103265	Publisher #103265	USA
103267	Publisher #103267	USA
103269	Publisher #103269	USA
103270	Publisher #103270	USA
103271	Publisher #103271	USA
103273	Publisher #103273	USA
103274	Publisher #103274	USA
103275	Publisher #103275	USA
103279	Publisher #103279	USA
103280	Publisher #103280	USA
103281	Publisher #103281	USA
103282	Publisher #103282	USA
103283	Publisher #103283	USA
103284	Publisher #103284	USA
103285	Publisher #103285	USA
103287	Publisher #103287	USA
103289	Publisher #103289	USA
103290	Publisher #103290	USA
103292	Publisher #103292	USA
103293	Publisher #103293	USA
103295	Publisher #103295	USA
103296	Publisher #103296	USA
103297	Publisher #103297	USA
103299	Publisher #103299	USA
103300	Publisher #103300	USA
103301	Publisher #103301	USA
103304	Publisher #103304	USA
103312	Publisher #103312	USA
103313	Publisher #103313	USA
103315	Publisher #103315	USA
103317	Publisher #103317	USA
103318	Publisher #103318	USA
103321	Publisher #103321	USA
103323	Publisher #103323	USA
103326	Publisher #103326	USA
103328	Publisher #103328	USA
103332	Publisher #103332	USA
103333	Publisher #103333	USA
103334	Publisher #103334	USA
103335	Publisher #103335	USA
103336	Publisher #103336	USA
103339	Publisher #103339	USA
103340	Publisher #103340	USA
103341	Publisher #103341	USA
103342	Publisher #103342	USA
103344	Publisher #103344	USA
103345	Publisher #103345	USA
103346	Publisher #103346	USA
103347	Publisher #103347	USA
103349	Publisher #103349	USA
103352	Publisher #103352	USA
103354	Publisher #103354	USA
103359	Publisher #103359	USA
103360	Publisher #103360	USA
103361	Publisher #103361	USA
103362	Publisher #103362	USA
103363	Publisher #103363	USA
103364	Publisher #103364	USA
103365	Publisher #103365	USA
103372	Publisher #103372	USA
103377	Publisher #103377	USA
103379	Publisher #103379	USA
103380	Publisher #103380	USA
103383	Publisher #103383	USA
103384	Publisher #103384	USA
103387	Publisher #103387	USA
103393	Publisher #103393	USA
103395	Publisher #103395	USA
103400	Publisher #103400	USA
103402	Publisher #103402	USA
103403	Publisher #103403	USA
103406	Publisher #103406	USA
103407	Publisher #103407	USA
103410	Publisher #103410	USA
103417	Publisher #103417	USA
103418	Publisher #103418	USA
103420	Publisher #103420	USA
103421	Publisher #103421	USA
103422	Publisher #103422	USA
103423	Publisher #103423	USA
103424	Publisher #103424	USA
103426	Publisher #103426	USA
103427	Publisher #103427	USA
103432	Publisher #103432	USA
103433	Publisher #103433	USA
103434	Publisher #103434	USA
103436	Publisher #103436	USA
103438	Publisher #103438	USA
103442	Publisher #103442	USA
103447	Publisher #103447	USA
103448	Publisher #103448	USA
103449	Publisher #103449	USA
103450	Publisher #103450	USA
103451	Publisher #103451	USA
103455	Publisher #103455	USA
103459	Publisher #103459	USA
103461	Publisher #103461	USA
103462	Publisher #103462	USA
103464	Publisher #103464	USA
103465	Publisher #103465	USA
103466	Publisher #103466	USA
103468	Publisher #103468	USA
103469	Publisher #103469	USA
103472	Publisher #103472	USA
103474	Publisher #103474	USA
103477	Publisher #103477	USA
103479	Publisher #103479	USA
103480	Publisher #103480	USA
103482	Publisher #103482	USA
103483	Publisher #103483	USA
103484	Publisher #103484	USA
103485	Publisher #103485	USA
103486	Publisher #103486	USA
103487	Publisher #103487	USA
103491	Publisher #103491	USA
103492	Publisher #103492	USA
103493	Publisher #103493	USA
103494	Publisher #103494	USA
103495	Publisher #103495	USA
103497	Publisher #103497	USA
103498	Publisher #103498	USA
103500	Publisher #103500	USA
103501	Publisher #103501	USA
103502	Publisher #103502	USA
103504	Publisher #103504	USA
103506	Publisher #103506	USA
103508	Publisher #103508	USA
103510	Publisher #103510	USA
103512	Publisher #103512	USA
103515	Publisher #103515	USA
103516	Publisher #103516	USA
103518	Publisher #103518	USA
103519	Publisher #103519	USA
103523	Publisher #103523	USA
103525	Publisher #103525	USA
103526	Publisher #103526	USA
103530	Publisher #103530	USA
103533	Publisher #103533	USA
103535	Publisher #103535	USA
103536	Publisher #103536	USA
103542	Publisher #103542	USA
103543	Publisher #103543	USA
103546	Publisher #103546	USA
103551	Publisher #103551	USA
103553	Publisher #103553	USA
103554	Publisher #103554	USA
103558	Publisher #103558	USA
103563	Publisher #103563	USA
103564	Publisher #103564	USA
103566	Publisher #103566	USA
103568	Publisher #103568	USA
103569	Publisher #103569	USA
103570	Publisher #103570	USA
103571	Publisher #103571	USA
103572	Publisher #103572	USA
103574	Publisher #103574	USA
103576	Publisher #103576	USA
103577	Publisher #103577	USA
103579	Publisher #103579	USA
103580	Publisher #103580	USA
103581	Publisher #103581	USA
103582	Publisher #103582	USA
103583	Publisher #103583	USA
103584	Publisher #103584	USA
103585	Publisher #103585	USA
103586	Publisher #103586	USA
103587	Publisher #103587	USA
103590	Publisher #103590	USA
103592	Publisher #103592	USA
103594	Publisher #103594	USA
103595	Publisher #103595	USA
103597	Publisher #103597	USA
103599	Publisher #103599	USA
103600	Publisher #103600	USA
103602	Publisher #103602	USA
103603	Publisher #103603	USA
103604	Publisher #103604	USA
103605	Publisher #103605	USA
103606	Publisher #103606	USA
103609	Publisher #103609	USA
103612	Publisher #103612	USA
103614	Publisher #103614	USA
103616	Publisher #103616	USA
103617	Publisher #103617	USA
103619	Publisher #103619	USA
103622	Publisher #103622	USA
103627	Publisher #103627	USA
103629	Publisher #103629	USA
103631	Publisher #103631	USA
103635	Publisher #103635	USA
103639	Publisher #103639	USA
103647	Publisher #103647	USA
103648	Publisher #103648	USA
103654	Publisher #103654	USA
103656	Publisher #103656	USA
103660	Publisher #103660	USA
103661	Publisher #103661	USA
103662	Publisher #103662	USA
103663	Publisher #103663	USA
103664	Publisher #103664	USA
103665	Publisher #103665	USA
103668	Publisher #103668	USA
103669	Publisher #103669	USA
103675	Publisher #103675	USA
103676	Publisher #103676	USA
103678	Publisher #103678	USA
103682	Publisher #103682	USA
103684	Publisher #103684	USA
103685	Publisher #103685	USA
103687	Publisher #103687	USA
103688	Publisher #103688	USA
103691	Publisher #103691	USA
103694	Publisher #103694	USA
103696	Publisher #103696	USA
103697	Publisher #103697	USA
103698	Publisher #103698	USA
103699	Publisher #103699	USA
103701	Publisher #103701	USA
103706	Publisher #103706	USA
103708	Publisher #103708	USA
103710	Publisher #103710	USA
103711	Publisher #103711	USA
103713	Publisher #103713	USA
103717	Publisher #103717	USA
103720	Publisher #103720	USA
103722	Publisher #103722	USA
103725	Publisher #103725	USA
103726	Publisher #103726	USA
103728	Publisher #103728	USA
103729	Publisher #103729	USA
103731	Publisher #103731	USA
103733	Publisher #103733	USA
103734	Publisher #103734	USA
103737	Publisher #103737	USA
103738	Publisher #103738	USA
103741	Publisher #103741	USA
103742	Publisher #103742	USA
103744	Publisher #103744	USA
103745	Publisher #103745	USA
103751	Publisher #103751	USA
103758	Publisher #103758	USA
103759	Publisher #103759	USA
103761	Publisher #103761	USA
103763	Publisher #103763	USA
103765	Publisher #103765	USA
103766	Publisher #103766	USA
103767	Publisher #103767	USA
103768	Publisher #103768	USA
103769	Publisher #103769	USA
103770	Publisher #103770	USA
103771	Publisher #103771	USA
103772	Publisher #103772	USA
103774	Publisher #103774	USA
103775	Publisher #103775	USA
103776	Publisher #103776	USA
103777	Publisher #103777	USA
103778	Publisher #103778	USA
103779	Publisher #103779	USA
103781	Publisher #103781	USA
103783	Publisher #103783	USA
103784	Publisher #103784	USA
103787	Publisher #103787	USA
103788	Publisher #103788	USA
103789	Publisher #103789	USA
103790	Publisher #103790	USA
103792	Publisher #103792	USA
103793	Publisher #103793	USA
103797	Publisher #103797	USA
103799	Publisher #103799	USA
103800	Publisher #103800	USA
103802	Publisher #103802	USA
103803	Publisher #103803	USA
103807	Publisher #103807	USA
103808	Publisher #103808	USA
103809	Publisher #103809	USA
103811	Publisher #103811	USA
103815	Publisher #103815	USA
103816	Publisher #103816	USA
103817	Publisher #103817	USA
103820	Publisher #103820	USA
103821	Publisher #103821	USA
103822	Publisher #103822	USA
103825	Publisher #103825	USA
103826	Publisher #103826	USA
103828	Publisher #103828	USA
103829	Publisher #103829	USA
103830	Publisher #103830	USA
103831	Publisher #103831	USA
103832	Publisher #103832	USA
103836	Publisher #103836	USA
103843	Publisher #103843	USA
103845	Publisher #103845	USA
103847	Publisher #103847	USA
103848	Publisher #103848	USA
103852	Publisher #103852	USA
103853	Publisher #103853	USA
103854	Publisher #103854	USA
103855	Publisher #103855	USA
103857	Publisher #103857	USA
103858	Publisher #103858	USA
103859	Publisher #103859	USA
103863	Publisher #103863	USA
103865	Publisher #103865	USA
103866	Publisher #103866	USA
103868	Publisher #103868	USA
103872	Publisher #103872	USA
103873	Publisher #103873	USA
103875	Publisher #103875	USA
103879	Publisher #103879	USA
103881	Publisher #103881	USA
103882	Publisher #103882	USA
103886	Publisher #103886	USA
103887	Publisher #103887	USA
103888	Publisher #103888	USA
103889	Publisher #103889	USA
103891	Publisher #103891	USA
103893	Publisher #103893	USA
103895	Publisher #103895	USA
103896	Publisher #103896	USA
103897	Publisher #103897	USA
103901	Publisher #103901	USA
103903	Publisher #103903	USA
103909	Publisher #103909	USA
103912	Publisher #103912	USA
103913	Publisher #103913	USA
103914	Publisher #103914	USA
103916	Publisher #103916	USA
103917	Publisher #103917	USA
103919	Publisher #103919	USA
103924	Publisher #103924	USA
103927	Publisher #103927	USA
103929	Publisher #103929	USA
103930	Publisher #103930	USA
103931	Publisher #103931	USA
103933	Publisher #103933	USA
103934	Publisher #103934	USA
103935	Publisher #103935	USA
103936	Publisher #103936	USA
103938	Publisher #103938	USA
103940	Publisher #103940	USA
103941	Publisher #103941	USA
103944	Publisher #103944	USA
103949	Publisher #103949	USA
103950	Publisher #103950	USA
103951	Publisher #103951	USA
103953	Publisher #103953	USA
103954	Publisher #103954	USA
103956	Publisher #103956	USA
103958	Publisher #103958	USA
103960	Publisher #103960	USA
103962	Publisher #103962	USA
103968	Publisher #103968	USA
103970	Publisher #103970	USA
103972	Publisher #103972	USA
103973	Publisher #103973	USA
103974	Publisher #103974	USA
103977	Publisher #103977	USA
103978	Publisher #103978	USA
103980	Publisher #103980	USA
103982	Publisher #103982	USA
103983	Publisher #103983	USA
103986	Publisher #103986	USA
103988	Publisher #103988	USA
103989	Publisher #103989	USA
103991	Publisher #103991	USA
103995	Publisher #103995	USA
103996	Publisher #103996	USA
103999	Publisher #103999	USA
